state,age_band,children_per_staff,verify,note
AL,infant (state-defined),5,,
AL,18-30 mos,7,yes,Age bands overlap as published; check Alabama's code for exact cutoffs
AL,24-36 mos,8,yes,Age bands overlap as published
AL,30 mos-4 yrs,11,yes,Age bands overlap as published
AL,4+ yrs,18,,
AK,6 wks-11 mos,4,yes,A second source lists 1:5 for Alaska infants
AK,12-18 mos,5,,
AK,toddler (state-defined),6,,
AK,preschool (state-defined),10,,
AR,infant (state-defined),5,,
AR,toddler (state-defined),8,,
AR,2.5-3 yrs,12,,
AR,4 yrs,15,,
AR,5 yrs,18,,
AZ,infant (state-defined),5,,
AZ,1 yr,6,,
AZ,2 yrs,8,,
AZ,3 yrs,13,,
AZ,4 yrs,15,,
AZ,5 yrs,20,,
CA,infant (state-defined),4,,
CA,toddler (state-defined),6,yes,A second source lists 1:3 to 1:4 for ages 1-2; California has more than one regulatory track
CA,preschool (state-defined),12,,
CO,infant (state-defined),5,,
CO,1-2 yrs,5,,
CO,2-3 yrs,7,yes,Age bands overlap as published
CO,2.5-3 yrs,8,yes,Age bands overlap as published
CO,3-4 yrs,10,,
CO,4-5 yrs,12,,
CT,infant (state-defined),4,,
CT,toddler (state-defined),4,,
CT,preschool (state-defined),10,,
DC,infant (state-defined),4,,
DC,1 yr,6,,
DC,2 yrs,8,,
DC,3 yrs,10,,
DC,4 yrs,12,,
DE,infant (state-defined),4,,
DE,24-30 mos,4,yes,Looks misread; a second source lists 1:6 for ages 1-2 and no 12-24 month band appears here
DE,30-48 mos,8,yes,Check against Delaware's code
DE,48-60 mos,10,,
FL,infant (state-defined),4,,
FL,1-2 yrs,6,,
FL,2-3 yrs,11,,
FL,3-4 yrs,15,,
FL,4-5 yrs,20,,
GA,infant (state-defined),6,,
GA,1 yr,8,,
GA,2 yrs,10,,
GA,3 yrs,15,,
GA,4 yrs,18,,
HI,6 wks-12 mos,4,,
HI,12-24 mos,5,,
HI,2 yrs,8,,
HI,3 yrs,12,,
HI,4 yrs,16,,
IA,infant (state-defined),4,,
IA,toddler (state-defined),4,,
IA,2 yrs,7,,
IA,3 yrs,10,,
IA,4 yrs,12,,
ID,infant (state-defined),6,yes,A second source says its Idaho figures are typical industry standards rather than state rules
ID,toddler (state-defined),8,yes,A second source lists 1:6
ID,preschool (state-defined),12,yes,Confirm how Idaho regulates centers
IL,infant (state-defined),4,,
IL,15-23 mos,5,,
IL,2 yrs,8,,
IL,3 yrs,10,,
IL,4 yrs,10,,
IL,5 yrs,20,,
IN,infant (state-defined),4,,
IN,toddler (state-defined),5,,
IN,3 yrs,10,,
IN,4 yrs,12,,
IN,5+ yrs,15,,
KS,infant (state-defined),3,,
KS,toddler (state-defined),6,,
KS,preschool (state-defined),12,,
KY,infant (state-defined),5,,
KY,12-24 mos,6,,
KY,24-36 mos,10,,
KY,3-4 yrs,12,,
KY,4-5 yrs,14,,
LA,infant (state-defined),5,,
LA,1 yr,7,,
LA,2 yrs,10,,
LA,3 yrs,13,,
LA,4 yrs,15,,
MA,infant (state-defined),3,,
MA,toddler (state-defined),4,,
MA,preschool (state-defined),10,,
MD,infant (state-defined),3,,
MD,toddler (state-defined),3,,
MD,2 yrs,6,,
MD,3-4 yrs,10,,
ME,infant (state-defined),4,,
ME,1-2 yrs,4,,
ME,2-5 yrs,8,,
MI,infant (state-defined),4,,
MI,toddler (state-defined),4,,
MI,30 mos-3 yrs,8,,
MI,3 yrs,10,,
MI,4 yrs,12,,
MN,infant (state-defined),4,,
MN,toddler (state-defined),7,,
MN,preschool (state-defined),10,,
MO,under 12 mos,4,yes,Source text read "over 12 mos"; almost certainly means under 12 months
MO,12-24 mos,4,,
MO,2 yrs,8,,
MO,3-4 yrs,10,,
MS,under 12 mos,5,yes,Source text read "over 12 mos"; almost certainly means under 12 months
MS,12-24 mos,9,,
MS,2 yrs,12,,
MS,3 yrs,14,,
MS,4 yrs,16,,
MT,0-11 mos,4,,
MT,12-23 mos,6,,
MT,2 yrs,8,,
MT,3-5 yrs,10,,
NC,0-12 mos,5,,Confirmed against North Carolina's summary of child care law; max group size 10
NC,12-24 mos,6,,Confirmed; max group size 12
NC,2-3 yrs,10,,Confirmed; max group size 20
NC,3-4 yrs,15,,Confirmed; max group size 25
NC,4-5 yrs,20,,Confirmed; max group size 25
NC,5+ yrs,25,,From North Carolina's summary (not in the 50-state source); max group size 25
ND,infant (state-defined),4,,
ND,toddler (state-defined),5,,
ND,3 yrs,7,,
ND,4 yrs,10,,
ND,5 yrs,12,,
NE,infant (state-defined),4,,
NE,toddler (state-defined),6,,
NE,3 yrs,10,,
NE,4 yrs,12,,
NH,6 wks-12 mos,4,,
NH,13-24 mos,5,,
NH,25-35 mos,6,,
NH,36-47 mos,8,,
NH,48-59 mos,12,,
NJ,infant (state-defined),4,,
NJ,toddler (state-defined),6,,
NJ,3 yrs,10,,
NJ,4 yrs,12,,
NM,infant (state-defined),6,,
NM,toddler (state-defined),6,,
NM,preschool (state-defined),12,,
NV,0-8 mos,4,,
NV,9-11 mos,6,,
NV,12-23 mos,6,,
NV,24-35 mos,9,,
NV,35-47 mos,12,yes,Band start printed as 35 months; probably 36
NV,48-59 mos,13,,
NV,5 yrs,18,,
NY,0-6 wks,3,,
NY,6 wks-18 mos,4,,
NY,toddler (state-defined),5,,
NY,3 yrs,7,,
NY,4 yrs,8,,
NY,5 yrs,9,,
OH,0-12 mos,5,,
OH,12-18 mos,6,,
OH,18 mos-2.5 yrs,7,,
OH,2.5-3 yrs,8,,
OH,3 yrs,12,,
OH,4-5 yrs,14,,
OK,infant (state-defined),4,,
OK,1 yr,6,,
OK,2 yrs,8,,
OK,3 yrs,12,,
OK,4 yrs,15,,
OR,infant (state-defined),4,,
OR,12-24 mos,4,,
OR,24-36 mos,5,,
OR,preschool (state-defined),10,,
PA,infant (state-defined),4,,
PA,1-2 yrs,5,,
PA,2-3 yrs,6,,
PA,preschool (state-defined),10,,
RI,infant (state-defined),4,,
RI,toddler (state-defined),6,,
RI,3 yrs,9,,
RI,4 yrs,10,,
RI,5-6 yrs,12,,
SC,infant (state-defined),5,,
SC,toddler (state-defined),6,,
SC,preschool (state-defined),12,,
SD,infant (state-defined),5,yes,A second source lists 1:4 for South Dakota infants
SD,toddler (state-defined),5,,
SD,preschool (state-defined),10,,
TN,infant (state-defined),4,,
TN,toddler (state-defined),6,,
TN,2 yrs,7,,
TN,3 yrs,9,,
TN,4 yrs,13,,
TN,5 yrs,16,,
TX,0-11 mos,4,,
TX,12-17 mos,5,,
TX,18-23 mos,9,,
TX,24-35 mos,11,,
TX,3 yrs,15,,
TX,4 yrs,18,,
UT,infant (state-defined),4,,
UT,12-17 mos,4,,
UT,18-23 mos,5,,
UT,2 yrs,7,,
UT,3 yrs,12,,
UT,4 yrs,15,,
VT,infant (state-defined),4,,
VT,13-30 mos,4,yes,Age bands overlap as published
VT,24-36 mos,5,yes,Age bands overlap as published
VT,preschool (state-defined),10,,
VA,infant (state-defined),4,,
VA,toddler (state-defined),5,,
VA,2 yrs,8,,
VA,3+ yrs,10,,
WA,infant (state-defined),4,,
WA,toddler (state-defined),7,,
WA,preschool (state-defined),10,,
WI,infant (state-defined),4,,
WI,toddler (state-defined),4,,
WI,2-2.5 yrs,6,,
WI,2.5-3 yrs,8,,
WI,3-4 yrs,10,,
WI,4-5 yrs,13,,
WV,infant (state-defined),4,,
WV,toddler (state-defined),4,,
WV,preschool (state-defined),12,,
WY,infant (state-defined),4,,
WY,12-24 mos,5,yes,Source text read 1:15 which is implausible; a second source lists 1:5
WY,24-36 mos,8,,
WY,3 yrs,10,,
WY,4 yrs,12,,
